{
"GreenLizard": { "sprite": "Kill_Green_Lizard", "color": "33FF00" },
"PinkLizard": { "sprite": "Kill_Standard_Lizard", "color": "FF00FF" },
"BlueLizard": { "sprite": "Kill_Standard_Lizard", "color": "0033FF" },
"WhiteLizard": { "sprite": "Kill_White_Lizard", "color": "FFFFFF" },
"BlackLizard": { "sprite": "Kill_Black_Lizard", "color": "5E5E6F" },
"YellowLizard": { "sprite": "Kill_Yellow_Lizard", "color": "FF9900" },
"SpitLizard": { "sprite": "Kill_Spit_Lizard", "color": "8C6633" },
"ZoopLizard": { "sprite": "Kill_White_Lizard", "color": "F2BABA" },
"CyanLizard": { "sprite": "Kill_Standard_Lizard", "color": "00E8E6" },
"RedLizard": { "sprite": "Kill_Standard_Lizard", "color": "E60E0E" },
"Salamander": { "sprite": "Kill_Salamander", "color": "EEC7E4" },
"EelLizard": { "sprite": "Kill_Salamander", "color": "05C733" },
"Fly": { "sprite": "Kill_Bat", "color": "A9A4B2" },
"CicadaA": { "sprite": "Kill_Cicada", "color": "FFFFFF" },
"CicadaB": { "sprite": "Kill_Cicada", "color": "5E5E6F" },
"Snail": { "sprite": "Kill_Snail", "color": "A9A4B2" },
"Leech": { "sprite": "Kill_Leech", "color": "AE281E" },
"SeaLeech": { "sprite": "Kill_Leech", "color": "0D4DB3" },
"JungleLeech": { "sprite": "Kill_Leech", "color": "1AB31A" },
"PoleMimic": { "sprite": "Kill_PoleMimic", "color": "A9A4B2" },
"TentaclePlant": { "sprite": "Kill_TentaclePlant", "color": "A9A4B2" },
"Scavenger": { "sprite": "Kill_Scavenger", "color": "A9A4B2" },
"ScavengerElite": { "sprite": "Kill_ScavengerElite", "color": "A9A4B2" },
"VultureGrub": { "sprite": "Kill_VultureGrub", "color": "D4CA6F" },
"Vulture": { "sprite": "Kill_Vulture", "color": "D4CA6F" },
"KingVulture": { "sprite": "Kill_KingVulture", "color": "D4CA6F" },
"SmallCentipede": { "sprite": "Kill_Centipede1", "color": "FF9900" },
"MediumCentipede": { "sprite": "Kill_Centipede2", "color": "FF9900" },
"BigCentipede": { "sprite": "Kill_Centipede3", "color": "FF9900" },
"RedCentipede": { "sprite": "Kill_Centipede3", "color": "E60E0E" },
"Centiwing": { "sprite": "Kill_Centiwing", "color": "0EB23C" },
"AquaCenti": { "sprite": "Kill_Centiwing", "color": "0000FF" },
"TubeWorm": { "sprite": "Kill_Tubeworm", "color": "0D4DB3" },
"Hazer": { "sprite": "Kill_Hazer", "color": "36CA63" },
"LanternMouse": { "sprite": "Kill_Mouse", "color": "A9A4B2" },
"Spider": { "sprite": "Kill_SmallSpider", "color": "A9A4B2" },
"BigSpider": { "sprite": "Kill_BigSpider", "color": "A9A4B2" },
"SpitterSpider": { "sprite": "Kill_BigSpider", "color": "AE281E" },
"MotherSpider": { "sprite": "Kill_BigSpider", "color": "1AB31A" },
"MirosBird": { "sprite": "Kill_MirosBird", "color": "A9A4B2" },
"MirosVulture": { "sprite": "Kill_MirosBird", "color": "E60E0E" },
"BrotherLongLegs": { "sprite": "Kill_Daddy", "color": "74864E" },
"DaddyLongLegs": { "sprite": "Kill_Daddy", "color": "0000FF" },
"TerrorLongLegs": { "sprite": "Kill_Daddy", "color": "4D00FF" },
"Inspector": { "sprite": "Kill_Inspector", "color": "72E6C4" },
"Deer": { "sprite": "Kill_RainDeer", "color": "A9A4B2" },
"EggBug": { "sprite": "Kill_EggBug", "color": "00FF78" },
"FireBug": { "sprite": "Kill_FireBug", "color": "FF7878" },
"DropBug": { "sprite": "Kill_DropBug", "color": "A9A4B2" },
"SlugNPC": { "sprite": "Kill_Slugcat", "color": "A9A4B2" },
"BigNeedleWorm": { "sprite": "Kill_NeedleWorm", "color": "FF9898" },
"SmallNeedleWorm": { "sprite": "Kill_SmallNeedleWorm", "color": "FF9898" },
"JetFish": { "sprite": "Kill_Jetfish", "color": "A9A4B2" },
"Yeek": { "sprite": "Kill_Yeek", "color": "E6E6E6" },
"BigEel": { "sprite": "Kill_BigEel", "color": "A9A4B2" },
"BigJelly": { "sprite": "Kill_BigJellyFish", "color": "FFD9B3" },
"Rock": { "sprite": "Symbol_Rock", "color": "A9A4B2" },
"Spear": { "sprite": "Symbol_Spear", "color": "A9A4B2" },
"FireSpear": { "sprite": "Symbol_FireSpear", "color": "E60E0E" },
"ElectricSpear": { "sprite": "Symbol_ElectricSpear", "color": "0000FF" },
"HellSpear": { "sprite": "Symbol_HellSpear", "color": "FF7878" },
"LillyPuck": { "sprite": "Symbol_LillyPuck", "color": "2CF5FF" },
"Pearl": { "sprite": "Symbol_Pearl", "color": "B3B3B3" },
"ScavengerBomb": { "sprite": "Symbol_StunBomb", "color": "E60E0E" },
"SingularityBomb": { "sprite": "Symbol_Singularity", "color": "05A5D9" },
"FireEgg": { "sprite": "Symbol_FireEgg", "color": "FF7878" },
"SporePlant": { "sprite": "Symbol_SporePlant", "color": "AE281E" },
"Lantern": { "sprite": "Symbol_Lantern", "color": "FF9251" },
"VultureMask": { "sprite": "Kill_Vulture", "color": "A9A4B2" },
"FlyLure": { "sprite": "Symbol_FlyLure", "color": "AD4436" },
"Mushroom": { "sprite": "Symbol_Mushroom", "color": "FFFFFF" },
"FlareBomb": { "sprite": "Symbol_FlashBomb", "color": "BBAEFF" },
"PuffBall": { "sprite": "Symbol_PuffBall", "color": "A9A4B2" },
"GooieDuck": { "sprite": "Symbol_GooieDuck", "color": "72E6C4" },
"WaterNut": { "sprite": "Symbol_WaterNut", "color": "0D4DB3" },
"DandelionPeach": { "sprite": "Symbol_DandelionPeach", "color": "96C7F5" },
"FirecrackerPlant": { "sprite": "Symbol_Firecracker", "color": "AE281E" },
"DangleFruit": { "sprite": "Symbol_DangleFruit", "color": "0000FF" },
"JellyFish": { "sprite": "Symbol_JellyFish", "color": "A9A4B2" },
"BubbleGrass": { "sprite": "Symbol_BubbleGrass", "color": "0EB23C" },
"GlowWeed": { "sprite": "Symbol_GlowWeed", "color": "F2FF45" },
"SlimeMold": { "sprite": "Symbol_SlimeMold", "color": "FF9900" },
"EnergyCell": { "sprite": "Symbol_EnergyCell", "color": "05A5D9" },
"JokeRifle": { "sprite": "Symbol_JokeRifle", "color": "A9A4B2" },

"NeedleEgg": { "sprite": "needleEggSymbol", "color": "2D0D14" },
"WhiteToken": { "sprite": "Symbol_Satellite", "color": "FFFFFF" },

"HRGuard": { "sprite": "Object_KarmaFlower", "color": "FF0000" },
"TempleGuard": { "sprite": "Object_KarmaFlower", "color": "FF0000" }
}