{
"SI_west": ["020202", "199966"],

"SI_top": ["020202", "196699"],
"SI_chat3": ["020202", "661999"],
"SI_chat4": ["020202", "669919"],
"SI_chat5": ["020202", "991966"],
"Spearmasterpearl": ["0A020A", "F20000"],
"SU_filt": ["FFBFE5"],
"DM": ["F4EB35"],
"LC": ["006604"],
"LC_second": ["990000", "CCCC00"],
"OE": ["8C5ECC"],
"MS": ["D0E445"],
"RM": ["622FFA", "FF0000"],
"Rivulet_stomach": ["96DEA0"],
"CL": ["7B48FF", "FF0000"],
"VS": ["870CEA", "FF00FF"],
"BroadcastMisc": ["E5B2CC"],
"CC": ["E59919", "FFFF00"],
"LF_west": ["FF004C"],
"LF_bottom": ["FF1919"],
"HI": ["0231FF", "7FCCFF"],
"SH": ["330019", "FF3399"],
"DS": ["00B219"],
"SB_filtration": ["197F7F"],
"SB_ravine": ["020202", "991966"],
"GW": ["00B27F", "7FFF7F"],
"SL_bridge": ["6619E5", "FF66FF"],
"SL_moon": ["E5F233"],
"SU": ["7F99E5"],
"UW": ["669966", "FFB2FF"],
"SL_chimney": ["FF008C", "CC4CFF"],
"Red_stomach": ["99FFE5", "FFFFFF"],
"": ["B2B2B2"]
}