{
"HI_B04": { "x": 214, "y": 615 },
"HI_D01": { "x": 1765, "y": 655 },
"HI_C04": { "x": 800, "y": 768 },
"SU_B12": { "x": 1180, "y": 382 },
"SU_A04": { "x": 265, "y": 415 },
"SU_C01": { "x": 450, "y": 1811 },
"GW_D01": { "x": 1603, "y": 595 },
"GW_E02": { "x": 2608, "y": 621 },
"GW_C09": { "x": 607, "y": 595 },
"UW_A07": { "x": 805, "y": 616 },
"UW_J01": { "x": 860, "y": 1534 },
"UW_C02": { "x": 493, "y": 490 },
"CC_B12": { "x": 455, "y": 1383 },
"CC_A10": { "x": 734, "y": 506 },
"CC_C05": { "x": 449, "y": 2330 },
"DS_A19": { "x": 467, "y": 545 },
"DS_A05": { "x": 172, "y": 490 },
"DS_C02": { "x": 541, "y": 1305 },
"SI_C07": { "x": 539, "y": 2354 },
"SI_D07": { "x": 200, "y": 400 },
"SI_D05": { "x": 1045, "y": 1258 },
"SH_A14": { "x": 273, "y": 556 },
"SH_C08": { "x": 2159, "y": 481 },
"SH_B05": { "x": 733, "y": 453 },
"SL_B04": { "x": 390, "y": 2258 },
"SL_B01": { "x": 389, "y": 1448 },
"SL_C04": { "x": 542, "y": 1295 },
"LF_C01": { "x": 2792, "y": 423 },
"LF_A10": { "x": 421, "y": 412 },
"LF_D02": { "x": 1220, "y": 631 },
"SB_H02": { "x": 1559, "y": 472 },
"SB_E04": { "x": 1668, "y": 567 },
"SB_D04": { "x": 483, "y": 1045 },
"VS_H02": { "x": 603, "y": 3265 },
"VS_C03": { "x": 82, "y": 983 },
"VS_F02": { "x": 1348, "y": 533 },
"OE_RUINCourtYard": { "x": 2133, "y": 1397 },
"OE_TREETOP": { "x": 468, "y": 1782 },
"OE_RAIL01": { "x": 2420, "y": 1378 },
"LC_FINAL": { "x": 2700, "y": 500 },
"LC_SUBWAY01": { "x": 1693, "y": 564 },
"LC_tallestconnection": { "x": 153, "y": 242 },
"RM_CONVERGENCE": { "x": 1860, "y": 670 },
"RM_I03": { "x": 276, "y": 2270 },
"RM_ASSEMBLY": { "x": 1550, "y": 586 },
"DM_LEG06": { "x": 400, "y": 388 },
"DM_O06": { "x": 2178, "y": 2159 },
"DM_LAB1": { "x": 486, "y": 324 },
"UG_GUTTER02": { "x": 163, "y": 241 },
"UG_A16": { "x": 640, "y": 354 },
"UG_D03": { "x": 857, "y": 1826 },
"CL_C05": { "x": 540, "y": 1213 },
"CL_H02": { "x": 2407, "y": 1649 },
"CL_CORE": { "x": 471, "y": 373 }
}